王勃,唐代,山中,长江悲已滞，万里念将归。况属高风晚，山山黄叶飞。,山水
柳宗元,唐代,江雪,千山鸟飞绝，万径人踪灭。孤舟蓑笠翁，独钓寒江雪。,山水
王之涣,唐代,登鹳雀楼,白日依山尽，黄河入海流。欲穷千里目，更上一层楼。,山水
辛弃疾,宋代,菩萨蛮·书江西造口壁,郁孤台下清江水，中间多少行人泪。西北望长安，可怜无数山。青山遮不住，毕竟东流去。江晚正愁予，山深闻鹧鸪。(愁予一作：愁余),山水
夏完淳,明代,别云间,三年羁旅客，今日又南冠。无限山河泪，谁言天地宽。(山河一作：河山)已知泉路近，欲别故乡难。毅魄归来日，灵旗空际看。,山水
陆游,宋代,游山西村,莫笑农家腊酒浑，丰年留客足鸡豚。山重水复疑无路，柳暗花明又一村。箫鼓追随春社近，衣冠简朴古风存。从今若许闲乘月，拄杖无时夜叩门。,山水
王之涣,唐代,凉州词二首·其一,黄河远上白云间，一片孤城万仞山。羌笛何须怨杨柳，春风不度玉门关。,山水
刘禹锡,唐代,望洞庭,湖光秋月两相和，潭面无风镜未磨。遥望洞庭山水翠，白银盘里一青螺。(山水翠一作：山水色),山水
王昌龄,唐代,从军行七首·其四,青海长云暗雪山，孤城遥望玉门关。黄沙百战穿金甲，不破楼兰终不还。,山水
李白,唐代,望庐山瀑布,日照香炉生紫烟，遥看瀑布挂前川。飞流直下三千尺，疑是银河落九天。,山水
佚名,先秦,十月之交,十月之交，朔月辛卯。日有食之，亦孔之丑。彼月而微，此日而微；今此下民，亦孔之哀。日月告凶，不用其行。四国无政，不用其良。彼月而食，则维其常；此日而食，于何不臧。烨烨震电，不宁不令。百川沸腾，山冢崒崩。高岸为谷，深谷为陵。哀今之人，胡憯莫惩？皇父卿士，番维司徒。家伯维宰，仲允膳夫。棸子内史，蹶维趣马。楀维师氏，醘妻煽方处。抑此皇父，岂曰不时？胡为我作，不即我谋？彻我墙屋，田卒污莱。曰予不戕，礼则然矣。皇父孔圣，作都于向。择三有事，亶侯多藏。不慭遗一老，俾守我王。择有车马，以居徂向。黾勉从事，不敢告劳。无罪无辜，谗口嚣嚣。下民之孽，匪降自天。噂沓背憎，职竞由人。悠悠我里，亦孔之痗。四方有羡，我独居忧。民莫不逸，我独不敢休。天命不彻，我不敢效我友自逸。,山水
王维,唐代,汉江临眺,楚塞三湘接，荆门九派通。江流天地外，山色有无中。郡邑浮前浦，波澜动远空。襄阳好风日，留醉与山翁。,山水
韩愈,唐代,送桂州严大夫同用南字,苍苍森八桂，兹地在湘南。江作青罗带，山如碧玉篸。户多输翠羽，家自种黄甘。远胜登仙去，飞鸾不假骖。,山水
白居易,唐代,钱塘湖春行,孤山寺北贾亭西，水面初平云脚低。几处早莺争暖树，谁家新燕啄春泥。乱花渐欲迷人眼，浅草才能没马蹄。最爱湖东行不足，绿杨阴里白沙堤。,山水
杜牧,唐代,江南春,千里莺啼绿映红，水村山郭酒旗风。南朝四百八十寺，多少楼台烟雨中。,山水
吴均,南北朝,与朱元思书,风烟俱净，天山共色。从流飘荡，任意东西。自富阳至桐庐一百许里，奇山异水，天下独绝。　　水皆缥碧，千丈见底。游鱼细石，直视无碍。急湍甚箭，猛浪若奔。　　夹岸高山，皆生寒树，负势竞上，互相轩邈，争高直指，千百成峰。泉水激石，泠泠作响；好鸟相鸣，嘤嘤成韵。蝉则千转不穷，猿则百叫无绝。鸢飞戾天者，望峰息心；经纶世务者，窥谷忘反。横柯上蔽，在昼犹昏；疏条交映，有时见日。,山水
曹操,两汉,步出夏门行·观沧海,东临碣石，以观沧海。水何澹澹，山岛竦峙。树木丛生，百草丰茂。秋风萧瑟，洪波涌起。日月之行，若出其中；星汉灿烂，若出其里。幸甚至哉，歌以咏志。,山水
李白,唐代,送友人寻越中山水,闻道稽山去，偏宜谢客才。千岩泉洒落，万壑树萦回。东海横秦望，西陵绕越台。湖清霜镜晓，涛白雪山来。八月枚乘笔，三吴张翰杯。此中多逸兴，早晚向天台。,山水
李白,唐代,望庐山瀑布二首,西登香炉峰，南见瀑布水。挂流三百丈，喷壑数十里。欻如飞电来，隐若白虹起。初惊河汉落，半洒云天里。仰观势转雄，壮哉造化功。海风吹不断，江月照还空。空中乱潈射，左右洗青壁。飞珠散轻霞，流沫沸穹石。而我乐名山，对之心益闲。无论漱琼液，还得洗尘颜。且谐宿所好，永愿辞人间。日照香炉生紫烟，遥看瀑布挂前川。飞流直下三千尺，疑是银河落九天。,山水
王维,唐代,归嵩山作,清川带长薄，车马去闲闲。流水如有意，暮禽相与还。荒城临古渡，落日满秋山。迢递嵩高下，归来且闭关。,山水
苏轼,宋代,后赤壁赋,是岁十月之望，步自雪堂，将归于临皋。二客从予过黄泥之坂。霜露既降，木叶尽脱，人影在地，仰见明月，顾而乐之，行歌相答。　　已而叹曰：“有客无酒，有酒无肴，月白风清，如此良夜何！”客曰：“今者薄暮，举网得鱼，巨口细鳞，状似松江之鲈。顾安所得酒乎？”归而谋诸妇。妇曰：“我有斗酒，藏之久矣，以待子不时之需。”　　于是携酒与鱼，复游于赤壁之下。江流有声，断岸千尺；山高月小，水落石出。曾日月之几何，而江山不可复识矣。予乃摄衣而上，履巉岩，披蒙茸，踞虎豹，登虬龙，攀栖鹘之危巢，俯冯夷之幽宫。盖二客不能从焉。划然长啸，草木震动，山鸣谷应，风起水涌。予亦悄然而悲，肃然而恐，凛乎其不可留也。反而登舟，放乎中流，听其所止而休焉。时夜将半，四顾寂寥。适有孤鹤，横江东来。翅如车轮，玄裳缟衣，戛然长鸣，掠予舟而西也。　　须臾客去，予亦就睡。梦一道士，羽衣蹁跹，过临皋之下，揖予而言曰：“赤壁之游乐乎？”问其姓名，俯而不答。“呜呼！噫嘻！我知之矣。畴昔之夜，飞鸣而过我者，非子也邪？”道士顾笑，予亦惊寤。开户视之，不见其处。,山水
谢朓,南北朝,晚登三山还望京邑,灞涘望长安，河阳视京县。白日丽飞甍，参差皆可见。余霞散成绮，澄江静如练。喧鸟覆春洲，杂英满芳甸。去矣方滞淫，怀哉罢欢宴。佳期怅何许，泪下如流霰。有情知望乡，谁能鬒不变？,山水
苏轼,宋代,饮湖上初晴后雨,水光潋滟晴方好，山色空蒙雨亦奇。欲把西湖比西子，淡妆浓抹总相宜。,山水
张志和,唐代,渔歌子·西塞山前白鹭飞,西塞山前白鹭飞，桃花流水鳜鱼肥。青箬笠，绿蓑衣，斜风细雨不须归。,山水
王安石,宋代,泊船瓜洲,京口瓜洲一水间，钟山只隔数重山。春风又绿江南岸，明月何时照我还。,山水
王维,唐代,山居秋暝,空山新雨后，天气晚来秋。明月松间照，清泉石上流。竹喧归浣女，莲动下渔舟。随意春芳歇，王孙自可留。,山水
谢灵运,南北朝,七里濑,羁心积秋晨，晨积展游眺。孤客伤逝湍，徒旅苦奔峭。石浅水潺湲，日落山照曜。荒林纷沃若，哀禽相叫啸。遭物悼迁斥，存期得要妙。既秉上皇心，岂屑末代诮。目睹严子濑，想属任公钓。谁谓古今殊，异代可同调。,山水
姜彧,元代,浣溪沙·山滴岚光水拍堤,山滴岚光水拍堤，草香沙暖净无泥。只疑误入武林溪。两岸桃花烘日出，四围高柳到天垂。一尊心事百年期。,山水
纳兰性德,清代,长相思·山一程,山一程，水一程，身向榆关那畔行，夜深千帐灯。风一更，雪一更，聒碎乡心梦不成，故园无此声。,山水
刘禹锡,唐代,竹枝词二首·其二,楚水巴山江雨多，巴人能唱本乡歌。今朝北客思归去，回入纥那披绿罗。,山水
杜甫,唐代,望岳,岱宗夫如何？齐鲁青未了。造化钟神秀，阴阳割昏晓。荡胸生曾云，决眦入归鸟。(曾同：层)会当凌绝顶，一览众山小。,山水
王维,唐代,鹿柴,空山不见人，但闻人语响。返景入深林，复照青苔上。,山水
李白,唐代,关山月,明月出天山，苍茫云海间。长风几万里，吹度玉门关。汉下白登道，胡窥青海湾。由来征战地，不见有人还。戍客望边邑，思归多苦颜。(望边邑一作：望边色)高楼当此夜，叹息未应闲。,山水
李白,唐代,独坐敬亭山,众鸟高飞尽，孤云独去闲。相看两不厌，只有敬亭山。(只有一作：唯有),山水
苏轼,宋代,题西林壁,横看成岭侧成峰，远近高低各不同。不识庐山真面目，只缘身在此山中。,山水
常建,唐代,题破山寺后禅院,清晨入古寺，初日照高林。曲径通幽处，禅房花木深。山光悦鸟性，潭影空人心。万籁此都寂，但余钟磬音。(都寂一作：俱寂；但余一作：惟余),山水
王安石,宋代,登飞来峰,飞来山上千寻塔，闻说鸡鸣见日升。(飞来山一作：飞来峰)不畏浮云遮望眼，自缘身在最高层。,山水
辛弃疾,宋代,西江月·夜行黄沙道中,明月别枝惊鹊，清风半夜鸣蝉。稻花香里说丰年，听取蛙声一片。七八个星天外，两三点雨山前。旧时茅店社林边，路转溪桥忽见。(溪桥一作：溪头),山水
岑参,唐代,白雪歌送武判官归京,北风卷地白草折，胡天八月即飞雪。忽如一夜春风来，千树万树梨花开。散入珠帘湿罗幕，狐裘不暖锦衾薄。将军角弓不得控，都护铁衣冷难着。(难着一作：犹著)瀚海阑干百丈冰，愁云惨淡万里凝。中军置酒饮归客，胡琴琵琶与羌笛。纷纷暮雪下辕门，风掣红旗冻不翻。轮台东门送君去，去时雪满天山路。山回路转不见君，雪上空留马行处。,山水
李白,唐代,早发白帝城,朝辞白帝彩云间，千里江陵一日还。两岸猿声啼不住，轻舟已过万重山。,山水
王昌龄,唐代,出塞,秦时明月汉时关，万里长征人未还。但使龙城飞将在，不教胡马度阴山。,山水
陶渊明,魏晋,饮酒·其五,结庐在人境，而无车马喧。问君何能尔？心远地自偏。采菊东篱下，悠然见南山。山气日夕佳，飞鸟相与还。此中有真意，欲辨已忘言。,山水
杜牧,唐代,山行,远上寒山石径斜，白云生处有人家。(生处一作：深处)停车坐爱枫林晚，霜叶红于二月花。,山水
李白,唐代,古风·其十九,西上莲花山，迢迢见明星。(西上一作：西岳)素手把芙蓉，虚步蹑太清。霓裳曳广带，飘拂升天行。邀我至云台，高揖卫叔卿。(至云台一作：登云台)恍恍与之去，驾鸿凌紫冥。俯视洛阳川，茫茫走胡兵。流血涂野草，豺狼尽冠缨。,山水
杜甫,唐代,望岳,岱宗夫如何？齐鲁青未了。造化钟神秀，阴阳割昏晓。荡胸生曾云，决眦入归鸟。(曾同：层)会当凌绝顶，一览众山小。,山水
李白,唐代,早秋单父南楼酬窦公衡,白露见日灭，红颜随霜凋。别君若俯仰，春芳辞秋条。泰山嵯峨夏云在，疑是白波涨东海。散为飞雨川上来，遥帷却卷清浮埃。知君独坐青轩下，此时结念同所怀。我闭南楼看道书，幽帘清寂在仙居。曾无好事来相访，赖尔高文一起予。,山水
张养浩,元代,雁儿落兼得胜令,往常时为功名惹是非，如今对山水忘名利；往常时趁鸡声赴早朝，如今近晌午犹然睡。往常时秉笏立丹墀，如今把菊向东离；往常时俯仰承极贵，如今逍遥谒故知；往常时狂痴，险犯着笞杖徒流罪；如今便宜，课会风花雪月题。云来山更佳，云去山如画。山因云晦明，云共山高下。倚仗立云沙，回首见山家，野鹿眠山草，山猿戏野花。云霞，我爱山无价。看时，行踏。云山也爱咱。抖擞了元亮尘，分付了苏卿印；喜西风范蠡舟，任雪满潘安鬓。　　乞得自由身，且作太平民；酒吸华峰月，诗吟泺水春。而今，识破东华梦；红裙，休歌南浦云。三十年一梦惊，财与气消磨尽。把当年花月心，都变做了今日山林兴。　　早是不能行，那更鬓星星。镜里常嗟叹，人前强打撑。歌声，积渐的无心听；多情，你频来待怎生？自高悬神武冠，身无事心无患。对风花雪月吟，有笔砚琴书伴。　　梦境儿也清安，俗势利不相关，由他傀儡棚头闹，且向昆仑顶上看。云山，隔断红尘岸；游观，壶中天地宽。　　也不学严子陵七里滩，也不学姜太公磻溪岸，也不学贺知章乞鉴湖，也不学柳子厚游南涧。俺住云水屋三间，风月竹千竿。一任傀儡棚中闹，且向昆仑顶上看。身安，倒大来无忧患；游观，壶中天地宽。,山水
谢灵运,南北朝,登永嘉绿嶂山,裹粮杖轻策，怀迟上幽室。行源径转远，距陆情未毕。澹潋结寒姿，团栾润霜质。涧委水屡迷，林迥岩逾密。眷西谓初月，顾东疑落日。践夕奄昏曙，蔽翳皆周悉。蛊上贵不事，履二美贞吉。幽人常坦步，高尚邈难匹。颐阿竟何端，寂寂寄抱一。恬如既已交，缮性自此出。,山水
孟浩然,唐代,过故人庄,故人具鸡黍，邀我至田家。绿树村边合，青山郭外斜。开轩面场圃，把酒话桑麻。待到重阳日，还来就菊花。,山水
孟浩然,唐代,秋登万山寄张五,北山白云里，隐者自怡悦。相望试登高，心随雁飞灭。(试一作始)愁因薄暮起，兴是清秋发。时见归村人，沙行渡头歇。(沙行一作：沙平)天边树若荠，江畔洲如月。何当载酒来，共醉重阳节。,山水
王维,唐代,鸟鸣涧,人闲桂花落，夜静春山空。月出惊山鸟，时鸣春涧中。,山水
王维,唐代,终南别业,中岁颇好道，晚家南山陲。兴来每独往，胜事空自知。行到水穷处，坐看云起时。偶然值林叟，谈笑无还期。,山水
王维,唐代,山中,荆溪白石出，天寒红叶稀。山路元无雨，空翠湿人衣。,山水
吴均,南北朝,山中杂诗,山际见来烟，竹中窥落日。鸟向檐上飞，云从窗里出。,山水
李白,唐代,夏日山中,懒摇白羽扇，裸袒青林中。脱巾挂石壁，露顶洒松风。,山水
秘演,宋代,山中,结茅临水石，淡寂益闲吟。久雨寒蝉少，空山落叶深。危楼乘月上，远寺听钟寻。昨得江僧信，期来此息心。,山水
王守仁,明代,登大伾山诗,晓披烟雾入青峦，山寺疏钟万木寒。千古河流成沃野，几年沙势自风湍。水穿石甲龙鳞动，日绕峰头佛顶宽。宫阙五云天北极，高秋更上九霄看。,山水
梁联馨,清代,六盘山诗,绕径寒云拂步生，巑岏青嶂压孤城。东连华岳三峰小，北拥萧关大漠平。山外烟霞闲隐见，世间尘土自虚盈。劳人至此深惆怅，樵唱悠悠何处声。,山水
江总,南北朝,三善殿夜望山灯诗,百花疑吐夜，四照似含春。的的连星出，亭亭向月新。采珠非合浦，赠佩异江滨。若任扶桑路，堪言并日轮。,山水
惟凤,宋代,姑射山诗题曾山人壁,东西望朔漠，姑射独崔嵬。一片两片云，终南太华来。根绕黄河曲，影落清渭隈。深涧饮渴虹，邃河生秋雷。古径穷难尽。晴岚拨不开。海鸥飞上迟，边风劲触回。傲隐非他古，依灵有奇才。曾生心若何，猿声终夜哀。,山水
刘禹锡,唐代,竹枝词九首·其九,山上层层桃李花，云间烟火是人家。银钏金钗来负水，长刀短笠去烧畬。,山水
李涉,唐代,楚宫怨二首·其一,十二山晴花尽开，楚宫双阙对阳台。细腰争舞君沉醉，白日秦兵天下来。,山水
王炎,宋代,南柯子·山冥云阴重,山冥云阴重，天寒雨意浓。数枝幽艳湿啼红。莫为惜花惆怅对东风。蓑笠朝朝出，沟塍处处通。人间辛苦是三农。要得一犁水足望年丰。,山水
李煜,五代,阮郎归·呈郑王十二弟,东风吹水日衔山，春来长是闲。落花狼藉酒阑珊，笙歌醉梦间。佩声悄，晚妆残，凭谁整翠鬟？留连光景惜朱颜，黄昏独倚阑。,山水
黄滔,唐代,题友人山居,到君栖迹所，竹径与衡门。亦在乾坤内，独无尘俗喧。新泉浮石藓，崩壁露松根。更说寻僧处，孤峰上啸猿。,山水
羊士谔,唐代,山寺题壁,物外真何事，幽廊步不穷。一灯心法在，三世影堂空。山果青苔上，寒蝉落叶中。归来还闭阁，棠树几秋风。,山水
江淹,南北朝,游黄檗山,长望竟何极，闽云连越边。南州饶奇怪，赤县多灵仙。金峰各亏日，铜石共临天。阳岫照鸾采，阴溪喷龙泉。残杌千代木，廧崒万古烟。禽鸣丹壁上，猿啸青崖间。秦皇慕隐沦，汉武愿长年。皆负雄豪威，弃剑为名山。况我葵藿志，松木横眼前。所若同远好，临风载悠然。,山水
贯休,唐代,春晚书山家屋壁二首,柴门寂寂黍饭馨，山家烟火春雨晴。庭花蒙蒙水泠泠，小儿啼索树上莺。水香塘黑蒲森森，鸳鸯鸂鶒如家禽。前村后垄桑柘深，东邻西舍无相侵。蚕娘洗茧前溪渌，牧童吹笛和衣浴。山翁留我宿又宿，笑指西坡瓜豆熟。,山水
周密,宋代,闻鹊喜·吴山观涛,天水碧，染就一江秋色。鳌戴雪山龙起蛰，快风吹海立。数点烟鬟青滴，一杼霞绡红湿，白鸟明边帆影直，隔江闻夜笛。,山水
令狐楚,唐代,一七令·山,山，耸峻，回环。沧海上，白云间。商老深寻，谢公远攀。古岩泉滴滴，幽谷鸟关关。树岛西连陇塞，猿声南彻荆蛮。世人只向簪裾老，芳草空余麋鹿闲。,山水
令狐楚,唐代,一七令·山,山，耸峻，回环。沧海上，白云间。商老深寻，谢公远攀。古岩泉滴滴，幽谷鸟关关。树岛西连陇塞，猿声南彻荆蛮。世人只向簪裾老，芳草空余麋鹿闲。,山水
王建,唐代,寄旧山僧,因依老宿发心初，半学修心半读书。雪后每常同席卧，花时未省两山居。猎人箭底求伤雁，钓户竿头乞活鱼。一向风尘取烦恼，不知衰病日难除。,山水
辛弃疾,宋代,满江红·山居即事,几个轻鸥，来点破、一泓澄绿。更何处、一双鸂鶒，故来争浴。细读离骚还痛饮，饱看修竹何妨肉。有飞泉、日日供明珠，三千斛。春雨满，秧新谷。闲日永，眠黄犊。看云连麦垄，雪堆蚕簇，若要足时今足矣，以为未足何时足。被野老、相扶入东园，枇杷熟。,山水
子兰,唐代,秋日思旧山,咸言上国繁华，岂谓帝城羁旅。十点五点残萤，千声万声秋雨。白云江上故乡，月下风前吟处。欲去不去迟迟，未展平生所伫。,山水
李白,唐代,焦山望寥山,石壁望松寥，宛然在碧霄。安得五彩虹，驾天作长桥。仙人如爱我，举手来相招。,山水
吴文英,宋代,烛影摇红·元夕雨,碧澹山姿，暮寒愁沁歌眉浅。障泥南陌润轻酥，灯火深深院。入夜笙歌渐暖。彩旗翻、宜男舞遍。恣游不怕，素袜尘生，行裙红溅。银烛笼纱，翠屏不照残梅怨。洗妆清靥湿春风，宜带啼痕看。楚梦留情未散。素娥愁、天深信远。晓窗移枕，酒困香残，春阴帘卷。,山水
司马光,宋代,阮郎归·渔舟容易入春山,渔舟容易入春山，仙家日月闲。绮窗纱幌映朱颜，相逢醉梦间。松露冷，海霜殷。匆匆整棹还。落花寂寂水潺潺，重寻此路难。,山水
吴文英,宋代,点绛唇·越山见梅,春未来时，酒携不到千岩路。瘦还如许。晚色天寒处。无限新愁，难对风前语。行人去。暗消春素。横笛空山暮。,山水
辛弃疾,宋代,满江红·江行和杨济翁韵,过眼溪山，怪都似、旧时相识。还记得、梦中行遍，江南江北。佳处径须携杖去，能消几緉平生屐。笑尘劳、三十九年非、长为客。吴楚地，东南坼。英雄事，曹刘敌。被西风吹尽，了无尘迹。楼观才成人已去，旌旗未卷头先白。叹人间、哀乐转相寻，今犹昔。,山水
王沂孙,宋代,醉蓬莱·归故山,扫西风门径，黄叶凋零，白云萧散。柳换枯阴，赋归来何晚。爽气霏霏，翠蛾眉妩，聊慰登临眼。故国如尘，故人如梦，登高还懒。数点寒英，为谁零落，楚魄难招，暮寒堪揽。步屧荒篱，谁念幽芳远。一室秋灯，一庭秋雨，更一声秋雁。试引芳樽，不知消得，几多依黯。,山水
皎然,唐代,山居示灵澈上人,晴明路出山初暖，行踏春芜看茗归。乍削柳枝聊代札，时窥云影学裁衣。身闲始觉隳名是，心了方知苦行非。外物寂中谁似我，松声草色共无机。,山水
陶渊明,魏晋,归园田居·其四,久去山泽游，浪莽林野娱。试携子侄辈，披榛步荒墟。徘徊丘垄间，依依昔人居。井灶有遗处，桑竹残朽株。借问采薪者，此人皆焉如？薪者向我言，死没无复余。一世异朝市，此语真不虚。人生似幻化，终当归空无。,山水
纳兰性德,清代,忆秦娥·山重叠,山重叠。悬崖一线天疑裂。天疑裂。断碑题字，古苔横啮。风声雷动鸣金铁。阴森潭底蛟龙窟。蛟龙窟。兴亡满眼，旧时明月。,山水
吴文英,宋代,浪淘沙·九日从吴见山觅酒,山远翠眉长。高处凄凉。菊花清瘦杜秋娘。净洗绿杯牵露井，聊荐幽香。乌帽压吴霜。风力偏狂。一年佳节过西厢。秋色雁声愁几许，都在斜阳。,山水
李珣,五代,南乡子·山果熟,山果熟，水花香，家家风景有池塘。木兰舟上珠帘卷，歌声远，椰子酒倾鹦鹉盏。,山水
葛长庚,宋代,水调歌头·江上春山远,江上春山远，山下暮云长。相留相送，时见双燕语风樯。满目飞花万点，回首故人千里，把酒沃愁肠。回雁峰前路，烟树正苍苍。漏声残，灯焰短，马蹄香。浮云飞絮，一身将影向潇湘。多少风前月下，迤逦天涯海角，魂梦亦凄凉。又是春将暮，无语对斜阳。,山水
魏夫人,宋代,菩萨蛮·溪山掩映斜阳里,溪山掩映斜阳里，楼台影动鸳鸯起。隔岸两三家，出墙红杏花。绿杨堤下路，早晚溪边去。三见柳绵飞，离人犹未归。,山水
贺铸,宋代,阳羡歌·山秀芙蓉,山秀芙蓉，溪明罨画。真游洞穴沧波下。临风慨想斩蛟灵。长桥千载犹横跨。解佩投簪，求田问舍。黄鸡白酒渔樵社。元龙非复少时豪，耳根洗尽功名话。,山水
李峤,唐代,同赋山居七夕,明月青山夜，高天白露秋。花庭开粉席，云岫敞针楼。石类支机影，池似泛槎流。暂惊河女鹊，终狎野人鸥。,山水
谢灵运,南北朝,行田登海口盘屿山,齐景恋遄台，周穆厌紫宫。牛山空洒涕，瑶池实欢悰。年迫愿岂申，游远心能通。大宝不欢娱，况乃守畿封。羁苦孰云慰，观海藉朝风。莫辨洪波极，谁知大壑东。依稀采菱歌，仿佛含颦容。遨游碧沙渚，游衍丹山峰。,山水
李珣,五代,女冠子·春山夜静,春山夜静，愁闻洞天疏磬。玉堂虚，细雾垂珠佩，轻烟曳翠裾。对花情脉脉，望月步徐徐。刘阮今何处？绝来书！,山水
欧阳修,宋代,朝中措·送刘仲原甫出守维扬,平山栏槛倚晴空。山色有无中。手种堂前垂柳，别来几度春风。文章太守，挥毫万字，一饮千钟。行乐直须年少，尊前看取衰翁。,山水
文廷式,近现代,天仙子·草绿裙腰山染黛,草绿裙腰山染黛，闲恨闲愁侬不解。莫愁艇子渡江时，九鸾钗，双凤带，杯酒劝郎情似海。,山水
黄庭坚,宋代,瑞鹤仙·环滁皆山也,环滁皆山也。望蔚然深秀，琅琊山也。山行六七里，有翼然泉上，醉翁亭也。翁之乐也。得之心、寓之酒也。更野芳佳木，风高日出，景无穷也。游也。山肴野蔌，酒洌泉香，沸筹觥也。太守醉也。喧哗众宾欢也。况宴酣之乐、非丝非竹，太守乐其乐也。问当时、太守为谁，醉翁是也。,山水
柳宗元,唐代,与浩初上人同看山寄京华亲故,海畔尖山似剑铓，秋来处处割愁肠。若为化得身千亿，散上峰头望故乡。,山水
纳兰性德,清代,一络索·过尽遥山如画,过尽遥山如画。短衣匹马。萧萧落木不胜秋，莫回首、斜阳下。别是柔肠萦挂。待归才罢。却愁拥髻向灯前，说不尽、离人话。,山水
张元干,宋代,浣溪沙·山绕平湖波撼城,山绕平湖波撼城。湖光倒影浸山青。水晶楼下欲三更。雾柳暗时云度月，露荷翻处水流萤。萧萧散发到天明。,山水
李煜,五代,长相思·一重山,一重山，两重山。山远天高烟水寒，相思枫叶丹。菊花开，菊花残。塞雁高飞人未还，一帘风月闲。,山水
章谦亨,宋代,浪淘沙·云藏鹅湖山,台上凭栏干，犹怯春寒。被谁偷了最高山？将谓六丁移取去，不在人间。却是晓云闲，特地遮拦。与天一样白漫漫。喜得东风收卷尽，依旧追还。,山水
李之仪,宋代,菩萨蛮·五云深处蓬山杳,五云深处蓬山杳。寒轻雾重银蟾小。枕上挹余香。春风归路长。雁来书不到。人静重门悄。一阵落花风。云山千万重。,山水
李白,唐代,将进酒,君不见黄河之水天上来，奔流到海不复回。君不见高堂明镜悲白发，朝如青丝暮成雪。人生得意须尽欢，莫使金樽空对月。天生我材必有用，千金散尽还复来。烹羊宰牛且为乐，会须一饮三百杯。岑夫子，丹丘生，将进酒，杯莫停。与君歌一曲，请君为我倾耳听。(倾耳听一作：侧耳听)钟鼓馔玉不足贵，但愿长醉不愿醒。(不足贵一作：何足贵；不愿醒一作：不复醒)古来圣贤皆寂寞，惟有饮者留其名。(古来一作：自古；惟通：唯)陈王昔时宴平乐，斗酒十千恣欢谑。主人何为言少钱，径须沽取对君酌。五花马、千金裘，呼儿将出换美酒，与尔同销万古愁。,山水
苏轼,宋代,浣溪沙·游蕲水清泉寺,游蕲水清泉寺，寺临兰溪，溪水西流。山下兰芽短浸溪，松间沙路净无泥，萧萧暮雨子规啼。(萧萧一作：潇潇)谁道人生无再少？门前流水尚能西！休将白发唱黄鸡。,山水
郦道元,南北朝,三峡,自三峡七百里中，两岸连山，略无阙处。重岩叠嶂，隐天蔽日，自非亭午夜分，不见曦月。(阙通：缺；重岩一作：重峦)　　至于夏水襄陵，沿溯阻绝。或王命急宣，有时朝发白帝，暮到江陵，其间千二百里，虽乘奔御风，不以疾也。(溯同：泝；暮到一作：暮至)　　春冬之时，则素湍绿潭，回清倒影，绝巘多生怪柏，悬泉瀑布，飞漱其间，清荣峻茂，良多趣味。(绝巘一作：绝𪩘)　　每至晴初霜旦，林寒涧肃，常有高猿长啸，属引凄异，空谷传响，哀转久绝。故渔者歌曰：“巴东三峡巫峡长，猿鸣三声泪沾裳。”,山水
佚名,先秦,蒹葭,蒹葭苍苍，白露为霜。所谓伊人，在水一方。溯洄从之，道阻且长。溯游从之，宛在水中央。蒹葭萋萋，白露未晞。所谓伊人，在水之湄。溯洄从之，道阻且跻。溯游从之，宛在水中坻。蒹葭采采，白露未已。所谓伊人，在水之涘。溯洄从之，道阻且右。溯游从之，宛在水中沚。,山水
骆宾王,唐代,咏鹅,鹅，鹅，鹅，曲项向天歌。白毛浮绿水，红掌拨清波。,山水
李白,唐代,望天门山,天门中断楚江开，碧水东流至此回。两岸青山相对出，孤帆一片日边来。,山水
李白,唐代,赠汪伦,李白乘舟将欲行，忽闻岸上踏歌声。桃花潭水深千尺，不及汪伦送我情。,山水
白居易,唐代,忆江南,江南好，风景旧曾谙。日出江花红胜火，春来江水绿如蓝。能不忆江南？,山水
杨万里,宋代,小池,泉眼无声惜细流，树阴照水爱晴柔。(阴一作：荫)小荷才露尖尖角，早有蜻蜓立上头。,山水
苏轼,宋代,惠崇春江晚景二首,竹外桃花三两枝，春江水暖鸭先知。蒌蒿满地芦芽短，正是河豚欲上时。两两归鸿欲破群，依依还似北归人。遥知朔漠多风雪，更待江南半月春。,山水
李白,唐代,宣州谢朓楼饯别校书叔云,弃我去者，昨日之日不可留；乱我心者，今日之日多烦忧。长风万里送秋雁，对此可以酣高楼。蓬莱文章建安骨，中间小谢又清发。俱怀逸兴壮思飞，欲上青天揽明月。(揽一作：览；明月一作：日月)抽刀断水水更流，举杯销愁愁更愁。(销愁一作：消愁)人生在世不称意，明朝散发弄扁舟。,山水
李白,唐代,望庐山瀑布,日照香炉生紫烟，遥看瀑布挂前川。飞流直下三千尺，疑是银河落九天。,山水
李白,唐代,游洞庭湖五首·其二,南湖秋水夜无烟，耐可乘流直上天。且就洞庭赊月色，将船买酒白云边。,山水
汪元量,宋代,湖州歌·其六,北望燕云不尽头，大江东去水悠悠。夕阳一片寒鸦外，目断东西四百州。,山水
李白,唐代,经乱离后天恩流夜郎忆旧游书怀赠江夏韦太守良宰,天上白玉京，十二楼五城。仙人抚我顶，结发受长生。误逐世间乐，颇穷理乱情。九十六圣君，浮云挂空名。天地赌一掷，未能忘战争。试涉霸王略，将期轩冕荣。时命乃大谬，弃之海上行。学剑翻自哂，为文竟何成。剑非万人敌，文窃四海声。儿戏不足道，五噫出西京。临当欲去时，慷慨泪沾缨。叹君倜傥才，标举冠群英。开筵引祖帐，慰此远徂征。鞍马若浮云，送余骠骑亭。歌钟不尽意，白日落昆明。十月到幽州，戈鋋若罗星。君王弃北海，扫地借长鲸。呼吸走百川，燕然可摧倾。心知不得语，却欲栖蓬瀛。弯弧惧天狼，挟矢不敢张。揽涕黄金台，呼天哭昭王。无人贵骏骨，騄耳空腾骧。乐毅倘再生，于今亦奔亡。蹉跎不得意，驱马还贵乡。逢君听弦歌，肃穆坐华堂。百里独太古，陶然卧羲皇。征乐昌乐馆，开筵列壶觞。贤豪间青娥，对烛俨成行。醉舞纷绮席，清歌绕飞梁。欢娱未终朝，秩满归咸阳。祖道拥万人，供帐遥相望。一别隔千里，荣枯异炎凉。炎凉几度改，九土中横溃。汉甲连胡兵，沙尘暗云海。草木摇杀气，星辰无光彩。白骨成丘山，苍生竟何罪。函关壮帝居，国命悬哥舒。长戟三十万，开门纳凶渠。公卿如犬羊，忠谠醢与菹。二圣出游豫，两京遂丘墟。帝子许专征，秉旄控强楚。节制非桓文，军师拥熊虎。人心失去就，贼势腾风雨。惟君固房陵，诚节冠终古。仆卧香炉顶，餐霞漱瑶泉。门开九江转，枕下五湖连。半夜水军来，浔阳满旌旃。空名适自误，迫胁上楼船。徒赐五百金，弃之若浮烟。辞官不受赏，翻谪夜郎天。夜郎万里道，西上令人老。扫荡六合清，仍为负霜草。日月无偏照，何由诉苍昊。良牧称神明，深仁恤交道。一忝青云客，三登黄鹤楼。顾惭祢处士，虚对鹦鹉洲。樊山霸气尽，寥落天地秋。江带峨眉雪，川横三峡流。万舸此中来，连帆过扬州。送此万里目，旷然散我愁。纱窗倚天开，水树绿如发。窥日畏衔山，促酒喜得月。吴娃与越艳，窈窕夸铅红。呼来上云梯，含笑出帘栊。对客小垂手，罗衣舞春风。宾跪请休息，主人情未极。览君荆山作，江鲍堪动色。清水出芙蓉，天然去雕饰。逸兴横素襟，无时不招寻。朱门拥虎士，列戟何森森。剪凿竹石开，萦流涨清深。登台坐水阁，吐论多英音。片辞贵白璧，一诺轻黄金。谓我不愧君，青鸟明丹心。五色云间鹊，飞鸣天上来。传闻赦书至，却放夜郎回。暖气变寒谷，炎烟生死灰。君登凤池去，忽弃贾生才。桀犬尚吠尧，匈奴笑千秋。中夜四五叹，常为大国忧。旌旆夹两山，黄河当中流。连鸡不得进，饮马空夷犹。安得羿善射，一箭落旄头。,山水
李白,唐代,江夏别宋之悌,楚水清若空，遥将碧海通。人分千里外，兴在一杯中。谷鸟吟晴日，江猿啸晚风。平生不下泪，于此泣无穷。,山水
王维,唐代,桃源行,渔舟逐水爱山春，两岸桃花夹古津。坐看红树不知远，行尽青溪不见人。(不见一作：忽值)山口潜行始隈隩，山开旷望旋平陆。遥看一处攒云树，近入千家散花竹。樵客初传汉姓名，居人未改秦衣服。居人共住武陵源，还从物外起田园。月明松下房栊静，日出云中鸡犬喧。惊闻俗客争来集，竞引还家问都邑。平明闾巷扫花开，薄暮渔樵乘水入。初因避地去人间，及至成仙遂不还。峡里谁知有人事，世中遥望空云山。不疑灵境难闻见，尘心未尽思乡县。出洞无论隔山水，辞家终拟长游衍。自谓经过旧不迷，安知峰壑今来变。当时只记入山深，青溪几度到云林。春来遍是桃花水，不辨仙源何处寻。,山水
孟浩然,唐代,宿建德江,移舟泊烟渚，日暮客愁新。野旷天低树，江清月近人。,山水
白居易,唐代,暮江吟,一道残阳铺水中，半江瑟瑟半江红。可怜九月初三夜，露似真珠月似弓。,山水
孟浩然,唐代,望洞庭湖赠张丞相,八月湖水平，涵虚混太清。气蒸云梦泽，波撼岳阳城。欲济无舟楫，端居耻圣明。坐观垂钓者，徒有羡鱼情。,山水
李白,唐代,黄鹤楼送孟浩然之广陵,故人西辞黄鹤楼，烟花三月下扬州。孤帆远影碧空尽，唯见长江天际流。(唯通：惟),山水
王勃,唐代,滕王阁序,豫章故郡，洪都新府。星分翼轸，地接衡庐。襟三江而带五湖，控蛮荆而引瓯越。物华天宝，龙光射牛斗之墟；人杰地灵，徐孺下陈蕃之榻。雄州雾列，俊采星驰。台隍枕夷夏之交，宾主尽东南之美。都督阎公之雅望，棨戟遥临；宇文新州之懿范，襜帷暂驻。十旬休假，胜友如云；千里逢迎，高朋满座。腾蛟起凤，孟学士之词宗；紫电青霜，王将军之武库。家君作宰，路出名区；童子何知，躬逢胜饯。(豫章故郡一作：南昌故郡；青霜一作：清霜)　　时维九月，序属三秋。潦水尽而寒潭清，烟光凝而暮山紫。俨骖騑于上路，访风景于崇阿。临帝子之长洲，得天人之旧馆。层峦耸翠，上出重霄；飞阁流丹，下临无地。鹤汀凫渚，穷岛屿之萦回；桂殿兰宫，即冈峦之体势。（天人一作：仙人；层峦一作：层台；即冈一作：列冈；飞阁流丹一作：飞阁翔丹）　　披绣闼，俯雕甍，山原旷其盈视，川泽纡其骇瞩。闾阎扑地，钟鸣鼎食之家；舸舰弥津，青雀黄龙之舳。云销雨霁，彩彻区明。落霞与孤鹜齐飞，秋水共长天一色。渔舟唱晚，响穷彭蠡之滨，雁阵惊寒，声断衡阳之浦。(轴通：舳；迷津一作：弥津；云销雨霁，彩彻区明一作：虹销雨霁，彩彻云衢)　　遥襟甫畅，逸兴遄飞。爽籁发而清风生，纤歌凝而白云遏。睢园绿竹，气凌彭泽之樽；邺水朱华，光照临川之笔。四美具，二难并。穷睇眄于中天，极娱游于暇日。天高地迥，觉宇宙之无穷；兴尽悲来，识盈虚之有数。望长安于日下，目吴会于云间。地势极而南溟深，天柱高而北辰远。关山难越，谁悲失路之人；萍水相逢，尽是他乡之客。怀帝阍而不见，奉宣室以何年？(遥襟甫畅一作：遥吟俯畅)　　嗟乎！时运不齐，命途多舛。冯唐易老，李广难封。屈贾谊于长沙，非无圣主；窜梁鸿于海曲，岂乏明时？所赖君子见机，达人知命。老当益壮，宁移白首之心？穷且益坚，不坠青云之志。酌贪泉而觉爽，处涸辙以犹欢。北海虽赊，扶摇可接；东隅已逝，桑榆非晚。孟尝高洁，空余报国之情；阮籍猖狂，岂效穷途之哭！(见机一作：安贫；以犹欢一作：而相欢)　　勃，三尺微命，一介书生。无路请缨，等终军之弱冠；有怀投笔，慕宗悫之长风。舍簪笏于百龄，奉晨昏于万里。非谢家之宝树，接孟氏之芳邻。他日趋庭，叨陪鲤对；今兹捧袂，喜托龙门。杨意不逢，抚凌云而自惜；钟期既遇，奏流水以何惭？　　呜呼！胜地不常，盛筵难再；兰亭已矣，梓泽丘墟。临别赠言，幸承恩于伟饯；登高作赋，是所望于群公。敢竭鄙怀，恭疏短引；一言均赋，四韵俱成。请洒潘江，各倾陆海云尔。　　滕王高阁临江渚，佩玉鸣鸾罢歌舞。　　画栋朝飞南浦云，珠帘暮卷西山雨。　　闲云潭影日悠悠，物换星移几度秋。　　阁中帝子今何在？槛外长江空自流。,山水
刘禹锡,唐代,竹枝词二首·其一,杨柳青青江水平，闻郎江上唱歌声。(唱歌一作：踏歌)东边日出西边雨，道是无晴却有晴。(却有晴一作：还有晴),山水
杜甫,唐代,江畔独步寻花·其五,黄师塔前江水东，春光懒困倚微风。桃花一簇开无主，可爱深红爱浅红？,山水
韦应物,唐代,滁州西涧,独怜幽草涧边生，上有黄鹂深树鸣。春潮带雨晚来急，野渡无人舟自横。,山水
张籍,唐代,凉州词三首·其三,凤林关里水东流，白草黄榆六十秋。边将皆承主恩泽，无人解道取凉州。,山水
温庭筠,唐代,荷叶杯·镜水夜来秋月,镜水夜来秋月，如雪。采莲时，小娘红粉对寒浪。惆怅，正思惟。,山水
纳兰性德,清代,临江仙·丝雨如尘云著水,丝雨如尘云著水，嫣香碎拾吴宫。百花冷暖避东风。酷怜娇易散，燕子学偎红。人说病宜随月减，恹恹却与春同。可能留蝶抱花丛。不成双梦影，翻笑杏梁空。,山水
晏几道,宋代,虞美人·曲阑干外天如水,曲阑干外天如水。昨夜还曾倚。初将明月比佳期。长向月圆时候、望人归。罗衣著破前香在。旧意谁教改。一春离恨懒调弦。犹有两行闲泪、宝筝前。,山水
纳兰性德,清代,浣溪沙·败叶填溪水已冰,败叶填溪水已冰，夕阳犹照短长亭。何年废寺失题名。倚马客临碑上字，斗鸡人拨佛前灯，净消尘土礼金经。,山水
郑燮,清代,泜水,泜水清且浅，沙砾明可数。漾漾浮轻波，悠悠汇远浦。千山倒空青，乱石兀崖堵。我来恣游泳，浩歌怀往古。逼侧井陉道，卒列不成伍。背水造奇谋，赤帜立赵土。韩信购左车，张耳陋肺腑。何不赦陈馀，与之归汉主？,山水
刘将孙,宋代,踏莎行·闲游,水际轻烟，沙边微雨。荷花芳草垂杨渡。多情移徙忽成愁，依稀恰是西湖路。血染红笺，泪题锦句。西湖岂忆相思苦。只应幽梦解重来，梦中不识从何去。,山水
顾敻,五代,酒泉子·水碧风清,水碧风清，入槛细香红藕腻。谢娘敛翠，恨无涯，小屏斜。堪憎荡子不还家，谩留罗带结。帐深枕腻炷沉烟，负当年。,山水
赵昂,宋代,婆罗门引·暮霞照水,暮霞照水，水边无数木芙蓉。晓来露湿轻红。十里锦丝步障，日转影重重。向楚天空迥，人立西风。夕阳道中。叹秋色、与愁浓。寂寞三千粉黛，临鉴妆慵。施朱太赤，空惆怅、教妾若为容。花易老、烟水无穷。,山水
曹雪芹,清代,杏帘在望,杏帘招客饮，在望有山庄。菱荇鹅儿水，桑榆燕子梁。一畦春韭绿，十里稻花香。盛世无饥馁，何须耕织忙。,山水
高观国,宋代,玲珑四犯·水外轻阴,水外轻阴，做弄得飞云，吹断晴絮。驻马桥西，还系旧时芳树。不见翠陌寻春，每问著、小桃无语。恨燕莺、不识闲情，却隔乱红飞去。少年曾识春风意，到如今、怨怀难诉。魂惊冉冉江南远，烟草愁如许。此意待写翠笺，奈断肠、都无新句。问甚时、舞凤歌鸾，花里再看仙侣。,山水
柳宗元,唐代,唐铙歌鼓吹曲十二首·其四,泾水黄，陇野茫。负太白，腾天狼。有鸟鸷立，羽翼张。钩喙决前，钜趯傍。怒飞饥啸，翾不可当。老雄死，子复良。巢岐饮渭，肆翱翔。顿地紘，提天纲。列缺掉帜，招摇耀鋩。鬼神来助，梦嘉祥。脑涂原野，魄飞扬。星辰复，恢一方。,山水
郑燮,清代,淇澳青青水一湾,渭川千亩入秦关，淇澳青青水一湾。两地高风来拱向，中间突兀太行山。,山水
吴文英,宋代,十二郎·垂虹桥,素天际水，浪拍碎、冻云不凝。记晓叶题霜，秋灯吟雨，曾系长桥过艇。又是宾鸿重来后，猛赋得、归期才定。嗟绣鸭解言，香鲈堪钓，尚庐人境。幽兴。争如共载，越娥妆镜。念倦客依前，貂裘茸帽，重向淞江照影。酹酒苍茫，倚歌平远，亭上玉虹腰冷。迎醉面，暮雪飞花，几点黛愁山暝。,山水
左辅,清代,浪淘沙·曹溪驿折桃花一枝数日零落裹花片投之涪江歌此送之,水软橹声柔，草绿芳洲，碧桃几树隐红楼。者是春山魂一片，招入孤舟。乡梦不曾休，惹甚闲愁？忠州过了又涪州。掷与巴江流到海，切莫回头。,山水
王国维,近现代,满庭芳·水抱孤城,水抱孤城，云开远戍，垂柳点点栖鸦。晚潮初落，残日漾平沙。白鸟悠悠自去，汀洲外、无限蒹葭。西风起，飞花如雪，冉冉去帆斜。天涯、还忆旧，香尘随马，明月窥车。渐秋风镜里，暗换年华。纵使长条无恙，重来处、攀折堪嗟。人何许，朱楼一角，寂寞倚残霞。,山水
柳宗元,唐代,湘口馆潇湘二水所会,九疑浚倾奔，临源委萦回。会合属空旷，泓澄停风雷。高馆轩霞表，危楼临山隈。兹辰始澄霁，纤云尽褰开。天秋日正中，水碧无尘埃。杳杳渔父吟，叫叫羁鸿哀。境胜岂不豫，虑分固难裁。升高欲自舒，弥使远念来。归流驶且广，泛舟绝沿洄。,山水
欧阳炯,五代,更漏子·三十六宫秋夜水,三十六宫秋夜水，露华点滴高梧。丁丁玉漏咽铜壶，明月上金铺。红线毯，博山炉，香风暗触流苏。羊车一去长青芜，镜尘鸾影孤。,山水
吴文英,宋代,扫花游·送春古江村,水园沁碧，骤夜雨飘红，竟空林岛。艳春过了。有尘香坠钿，尚遗芳草。步绕新阴，渐觉交枝径小。醉深窈。爱绿叶翠圆，胜看花好。芳架雪未扫。怪翠被佳人，困迷清晓。柳丝系棹。问阊门自古，送春多少。倦蝶慵飞，故扑簪花破帽。酹残照。掩重城、暮钟不到。,山水
纳兰性德,清代,踏莎行·月华如水,月华如水，波纹似练，几簇淡烟衰柳。塞鸿一夜尽南飞，谁与问倚楼人瘦。韵拈风絮，录成金石，不是舞裙歌袖。从前负尽扫眉才，又担阁镜囊重绣。,山水
郭麐,清代,高阳台·将反魏塘疏香女子亦以次日归吴下置酒话别离怀惘惘,暗水通潮，痴云阁雨，微阴不散重城。留得枯荷，奈他先作离声。清歌欲遏行云住，露春纤、并坐调笙。莫多情，第一难忘，席上轻盈。天涯我是飘零惯，任飞花无定，相送人行。见说兰舟，明朝也泊长亭。门前记取垂杨树，只藏他、三两秋莺。一程程，愁水愁风，不要人听。,山水
张孝祥,宋代,湖湘以竹车激水粳稻如云书此能仁院壁,象龙唤不应，竹龙起行雨。联绵十车辐，伊轧百舟橹。转此大法轮，救汝旱岁苦。横江锁巨石，溅瀑叠城鼓。神机日夜运，甘泽高下普。老农用不知，瞬息了千亩。抱孙带黄犊，但看翠浪舞。余波及井臼，春玉饮酡乳。江吴夸七蹋，足茧腰背偻。此乐殊未知，吾归当教汝。,山水
苏轼,宋代,书李世南所画秋景二首,野水参差落涨痕，疏林欹倒出霜根。扁舟一棹归何处？家在江南黄叶村。人间斤斧日创夷，谁见龙蛇百尺姿。不是溪山成独往，何人解作挂猿枝。,山水
欧阳詹,唐代,荆南夏夜水楼怀昭丘直上人云梦李莘,无机成旅逸，中夜上江楼。云尽月如练，水凉风似秋。凫声闻梦泽，黛色上昭丘。不远人情在，良宵恨独游。,山水
张孝祥,宋代,浣溪沙·霜日明霄水蘸空,霜日明霄水蘸空。鸣鞘声里绣旗红。澹烟衰草有无中。万里中原烽火北，一尊浊酒戍楼东。酒阑挥泪向悲风。,山水
赵令畴,宋代,浣溪沙·水满池塘花满枝,水满池塘花满枝，乱香深里语黄鹂。东风轻软弄帘帏。日正长时春梦短，燕交飞处柳烟低。玉窗红子斗棋时。,山水
洪适,宋代,渔家傲引·子月水寒风又烈,子月水寒风又烈。巨鱼漏网成虚设。圉圉从它归丙穴。谋自拙。空归不管旁人说。昨夜醉眠西浦月。今宵独钓南溪雪。妻子一船衣百结。长欢悦。不知人世多离别。,山水
晏殊,宋代,木兰花·池塘水绿风微暖,池塘水绿风微暖，记得玉真初见面。重头歌韵响琤琮，入破舞腰红乱旋。玉钩阑下香阶畔，醉后不知斜日晚。当时共我赏花人，点检如今无一半。,山水
周邦彦,宋代,浣溪沙·水涨鱼天拍柳桥,水涨鱼天拍柳桥。云鸠拖雨过江皋。一番春信入东郊。闲碾凤团消短梦，静看燕子垒新巢。又移日影上花梢。,山水
顾敻,五代,玉楼春·拂水双飞来去燕,拂水双飞来去燕，曲槛小屏山六扇。春愁凝思结眉心，绿绮懒调红锦荐。话别情多声欲战，玉著痕留红粉面。镇长独立到黄昏，却怕良宵频梦见。,山水
孙光宪,五代,河渎神·汾水碧依依,汾水碧依依，黄云落叶初飞。翠娥一去不言归，庙门空掩斜晖。四壁阴森排古画，依旧琼轮羽驾。小殿沈沈清夜，银灯飘落香灺。,山水
孙光宪,五代,菩萨蛮·月华如水笼香砌,月华如水笼香砌，金环碎撼门初闭。寒影堕高檐，钩垂一面帘。碧烟轻袅袅，红战灯花笑。即此是高唐，掩屏秋梦长。,山水
王夫之,明代,蝶恋花·湘水自分漓水下,湘水经东安县东，有沉香塘，石壁隙插一株，云是沉水香，澄潭清冷，绿萝倒影。湘水自分漓水下。曲曲潺湲，千里飞哀泻。冰玉半湾尘不惹，停凝欲挽东流驾。百尺危崖谁羽化。一捻残香，拈插莓苔隙。忆自寻香人去也，寒原夕阳烧悲灺。,山水
张元干,宋代,石州慢·寒水依痕,寒水依痕，春意渐回，沙际烟阔。溪梅晴照生香，冷蕊数枝争发。天涯旧恨，试看几许消魂，长亭门外山重叠。不尽眼中青，是愁来时节。情切。画楼深闭，想见东风，暗销肌雪。辜负枕前云雨，尊前花月。心期切处，更有多少凄凉，殷勤留与归时说。到得却相逢，恰经年离别。,山水
舒亶,宋代,虞美人·寄公度,芙蓉落尽天涵水，日暮沧波起。背飞双燕贴云寒，独向小楼东畔、倚阑看。浮生只合尊前老，雪满长安道。故人早晚上高台，赠我江南春色、一枝梅。,山水
周邦彦,宋代,夜游宫·叶下斜阳照水,叶下斜阳照水。卷轻浪、沈沈千里。桥上酸风射眸子。立多时，看黄昏，灯火市。古屋寒窗底。听几片、井桐飞坠。不恋单衾再三起。有谁知，为萧娘，书一纸。,山水
张九龄,唐代,湖口望庐山瀑布泉,万丈洪泉落，迢迢半紫氛。(洪一作：红)奔流下杂树，洒落出重云。日照虹霓似，天清风雨闻。灵山多秀色，空水共氤氲。,山水
